Match Link,Date,Match Type
https://stats.espncricinfo.com/ci/engine/match/343732.html,18 Aug 2008,ODI
https://stats.espncricinfo.com/ci/engine/match/343733.html,20 Aug 2008,ODI
https://stats.espncricinfo.com/ci/engine/match/343734.html,24 Aug 2008,ODI
https://stats.espncricinfo.com/ci/engine/match/366341.html,27 Aug 2008,ODI
https://stats.espncricinfo.com/ci/engine/match/343736.html,29 Aug 2008,ODI
https://stats.espncricinfo.com/ci/engine/match/403383.html,14 Sep 2009,ODI
https://stats.espncricinfo.com/ci/engine/match/415278.html,26 Sep 2009,ODI
https://stats.espncricinfo.com/ci/engine/match/415281.html,28 Sep 2009,ODI
https://stats.espncricinfo.com/ci/engine/match/415284.html,30 Sep 2009,ODI
https://stats.espncricinfo.com/ci/engine/match/416236.html,25 Oct 2009,ODI
https://stats.espncricinfo.com/ci/engine/match/416239.html,2 Nov 2009,ODI
https://stats.espncricinfo.com/ci/engine/match/430886.html,15 Dec 2009,ODI
https://stats.espncricinfo.com/ci/engine/match/430887.html,18 Dec 2009,ODI
https://stats.espncricinfo.com/ci/engine/match/430889.html,24 Dec 2009,ODI
https://stats.espncricinfo.com/ci/engine/match/430890.html,27 Dec 2009,ODI
https://stats.espncricinfo.com/ci/engine/match/434259.html,5 Jan 2010,ODI
https://stats.espncricinfo.com/ci/engine/match/434260.html,7 Jan 2010,ODI
https://stats.espncricinfo.com/ci/engine/match/434262.html,10 Jan 2010,ODI
https://stats.espncricinfo.com/ci/engine/match/434263.html,11 Jan 2010,ODI
https://stats.espncricinfo.com/ci/engine/match/434264.html,13 Jan 2010,ODI
https://stats.espncricinfo.com/ci/engine/match/441827.html,21 Feb 2010,ODI
https://stats.espncricinfo.com/ci/engine/match/441828.html,24 Feb 2010,ODI
https://stats.espncricinfo.com/ci/engine/match/441829.html,27 Feb 2010,ODI
https://stats.espncricinfo.com/ci/engine/match/452146.html,28 May 2010,ODI
https://stats.espncricinfo.com/ci/engine/match/452147.html,30 May 2010,ODI
https://stats.espncricinfo.com/ci/engine/match/452149.html,3 Jun 2010,ODI
https://stats.espncricinfo.com/ci/engine/match/452150.html,5 Jun 2010,ODI
https://stats.espncricinfo.com/ci/engine/match/455232.html,16 Jun 2010,ODI
https://stats.espncricinfo.com/ci/engine/match/455234.html,19 Jun 2010,ODI
https://stats.espncricinfo.com/ci/engine/match/455236.html,22 Jun 2010,ODI
https://stats.espncricinfo.com/ci/engine/match/455237.html,24 Jun 2010,ODI
https://stats.espncricinfo.com/ci/engine/match/456663.html,16 Aug 2010,ODI
https://stats.espncricinfo.com/ci/engine/match/456665.html,25 Aug 2010,ODI
https://stats.espncricinfo.com/ci/engine/match/456668.html,28 Aug 2010,ODI
https://stats.espncricinfo.com/ci/engine/match/464529.html,20 Oct 2010,ODI
https://stats.espncricinfo.com/ci/engine/match/467883.html,28 Nov 2010,ODI
https://stats.espncricinfo.com/ci/engine/match/467884.html,1 Dec 2010,ODI
https://stats.espncricinfo.com/ci/engine/match/467885.html,4 Dec 2010,ODI
https://stats.espncricinfo.com/ci/engine/match/467886.html,7 Dec 2010,ODI
https://stats.espncricinfo.com/ci/engine/match/467887.html,10 Dec 2010,ODI
https://stats.espncricinfo.com/ci/engine/match/463150.html,12 Jan 2011,ODI
https://stats.espncricinfo.com/ci/engine/match/463151.html,15 Jan 2011,ODI
https://stats.espncricinfo.com/ci/engine/match/463152.html,18 Jan 2011,ODI
https://stats.espncricinfo.com/ci/engine/match/463153.html,21 Jan 2011,ODI
https://stats.espncricinfo.com/ci/engine/match/463154.html,23 Jan 2011,ODI
https://stats.espncricinfo.com/ci/engine/match/433558.html,19 Feb 2011,ODI
https://stats.espncricinfo.com/ci/engine/match/433568.html,27 Feb 2011,ODI
https://stats.espncricinfo.com/ci/engine/match/433578.html,6 Mar 2011,ODI
https://stats.espncricinfo.com/ci/engine/match/433582.html,9 Mar 2011,ODI
https://stats.espncricinfo.com/ci/engine/match/433586.html,12 Mar 2011,ODI
https://stats.espncricinfo.com/ci/engine/match/433599.html,20 Mar 2011,ODI
https://stats.espncricinfo.com/ci/engine/match/433601.html,24 Mar 2011,ODI
https://stats.espncricinfo.com/ci/engine/match/433605.html,30 Mar 2011,ODI
https://stats.espncricinfo.com/ci/engine/match/433606.html,2 Apr 2011,ODI
https://stats.espncricinfo.com/ci/engine/match/489221.html,6 Jun 2011,ODI
https://stats.espncricinfo.com/ci/engine/match/489222.html,8 Jun 2011,ODI
https://stats.espncricinfo.com/ci/engine/match/489223.html,11 Jun 2011,ODI
https://stats.espncricinfo.com/ci/engine/match/489224.html,13 Jun 2011,ODI
https://stats.espncricinfo.com/ci/engine/match/489225.html,16 Jun 2011,ODI
https://stats.espncricinfo.com/ci/engine/match/474477.html,3 Sep 2011,ODI
https://stats.espncricinfo.com/ci/engine/match/474478.html,6 Sep 2011,ODI
https://stats.espncricinfo.com/ci/engine/match/474479.html,9 Sep 2011,ODI
https://stats.espncricinfo.com/ci/engine/match/474480.html,11 Sep 2011,ODI
https://stats.espncricinfo.com/ci/engine/match/474481.html,16 Sep 2011,ODI
https://stats.espncricinfo.com/ci/engine/match/521218.html,14 Oct 2011,ODI
https://stats.espncricinfo.com/ci/engine/match/521219.html,17 Oct 2011,ODI
https://stats.espncricinfo.com/ci/engine/match/521220.html,20 Oct 2011,ODI
https://stats.espncricinfo.com/ci/engine/match/521221.html,23 Oct 2011,ODI
https://stats.espncricinfo.com/ci/engine/match/521222.html,25 Oct 2011,ODI
https://stats.espncricinfo.com/ci/engine/match/536929.html,29 Nov 2011,ODI
https://stats.espncricinfo.com/ci/engine/match/536930.html,2 Dec 2011,ODI
https://stats.espncricinfo.com/ci/engine/match/536931.html,5 Dec 2011,ODI
https://stats.espncricinfo.com/ci/engine/match/536932.html,8 Dec 2011,ODI
https://stats.espncricinfo.com/ci/engine/match/536933.html,11 Dec 2011,ODI
https://stats.espncricinfo.com/ci/engine/match/518956.html,5 Feb 2012,ODI
https://stats.espncricinfo.com/ci/engine/match/518957.html,8 Feb 2012,ODI
https://stats.espncricinfo.com/ci/engine/match/518959.html,12 Feb 2012,ODI
https://stats.espncricinfo.com/ci/engine/match/518960.html,14 Feb 2012,ODI
https://stats.espncricinfo.com/ci/engine/match/518962.html,19 Feb 2012,ODI
https://stats.espncricinfo.com/ci/engine/match/518963.html,21 Feb 2012,ODI
https://stats.espncricinfo.com/ci/engine/match/518965.html,26 Feb 2012,ODI
https://stats.espncricinfo.com/ci/engine/match/518966.html,28 Feb 2012,ODI
https://stats.espncricinfo.com/ci/engine/match/535795.html,13 Mar 2012,ODI
https://stats.espncricinfo.com/ci/engine/match/535797.html,16 Mar 2012,ODI
https://stats.espncricinfo.com/ci/engine/match/535798.html,18 Mar 2012,ODI
https://stats.espncricinfo.com/ci/engine/match/564781.html,21 Jul 2012,ODI
https://stats.espncricinfo.com/ci/engine/match/564782.html,24 Jul 2012,ODI
https://stats.espncricinfo.com/ci/engine/match/564783.html,28 Jul 2012,ODI
https://stats.espncricinfo.com/ci/engine/match/564784.html,31 Jul 2012,ODI
https://stats.espncricinfo.com/ci/engine/match/564785.html,4 Aug 2012,ODI
https://stats.espncricinfo.com/ci/engine/match/589308.html,30 Dec 2012,ODI
https://stats.espncricinfo.com/ci/engine/match/589309.html,3 Jan 2013,ODI
https://stats.espncricinfo.com/ci/engine/match/589310.html,6 Jan 2013,ODI
https://stats.espncricinfo.com/ci/engine/match/565812.html,11 Jan 2013,ODI
https://stats.espncricinfo.com/ci/engine/match/565813.html,15 Jan 2013,ODI
https://stats.espncricinfo.com/ci/engine/match/565814.html,19 Jan 2013,ODI
https://stats.espncricinfo.com/ci/engine/match/565815.html,23 Jan 2013,ODI
https://stats.espncricinfo.com/ci/engine/match/565816.html,27 Jan 2013,ODI
https://stats.espncricinfo.com/ci/engine/match/578614.html,6 Jun 2013,ODI
https://stats.espncricinfo.com/ci/engine/match/578619.html,11 Jun 2013,ODI
https://stats.espncricinfo.com/ci/engine/match/578623.html,15 Jun 2013,ODI
https://stats.espncricinfo.com/ci/engine/match/566947.html,20 Jun 2013,ODI
https://stats.espncricinfo.com/ci/engine/match/566948.html,23 Jun 2013,ODI
https://stats.espncricinfo.com/ci/engine/match/597924.html,30 Jun 2013,ODI
https://stats.espncricinfo.com/ci/engine/match/597925.html,2 Jul 2013,ODI
https://stats.espncricinfo.com/ci/engine/match/597926.html,5 Jul 2013,ODI
https://stats.espncricinfo.com/ci/engine/match/597928.html,9 Jul 2013,ODI
https://stats.espncricinfo.com/ci/engine/match/597929.html,11 Jul 2013,ODI
https://stats.espncricinfo.com/ci/engine/match/643665.html,24 Jul 2013,ODI
https://stats.espncricinfo.com/ci/engine/match/643667.html,26 Jul 2013,ODI
https://stats.espncricinfo.com/ci/engine/match/643669.html,28 Jul 2013,ODI
https://stats.espncricinfo.com/ci/engine/match/643675.html,1 Aug 2013,ODI
https://stats.espncricinfo.com/ci/engine/match/643677.html,3 Aug 2013,ODI
https://stats.espncricinfo.com/ci/engine/match/647249.html,13 Oct 2013,ODI
https://stats.espncricinfo.com/ci/engine/match/647251.html,16 Oct 2013,ODI
https://stats.espncricinfo.com/ci/engine/match/647253.html,19 Oct 2013,ODI
https://stats.espncricinfo.com/ci/engine/match/647255.html,23 Oct 2013,ODI
https://stats.espncricinfo.com/ci/engine/match/647259.html,30 Oct 2013,ODI
https://stats.espncricinfo.com/ci/engine/match/647261.html,2 Nov 2013,ODI
https://stats.espncricinfo.com/ci/engine/match/676529.html,21 Nov 2013,ODI
https://stats.espncricinfo.com/ci/engine/match/676531.html,24 Nov 2013,ODI
https://stats.espncricinfo.com/ci/engine/match/676533.html,27 Nov 2013,ODI
https://stats.espncricinfo.com/ci/engine/match/648651.html,5 Dec 2013,ODI
https://stats.espncricinfo.com/ci/engine/match/648653.html,8 Dec 2013,ODI
https://stats.espncricinfo.com/ci/engine/match/648655.html,11 Dec 2013,ODI
https://stats.espncricinfo.com/ci/engine/match/667641.html,19 Jan 2014,ODI
https://stats.espncricinfo.com/ci/engine/match/667643.html,22 Jan 2014,ODI
https://stats.espncricinfo.com/ci/engine/match/667645.html,25 Jan 2014,ODI
https://stats.espncricinfo.com/ci/engine/match/667647.html,28 Jan 2014,ODI
https://stats.espncricinfo.com/ci/engine/match/667649.html,31 Jan 2014,ODI
https://stats.espncricinfo.com/ci/engine/match/710293.html,26 Feb 2014,ODI
https://stats.espncricinfo.com/ci/engine/match/710297.html,28 Feb 2014,ODI
https://stats.espncricinfo.com/ci/engine/match/710301.html,2 Mar 2014,ODI
https://stats.espncricinfo.com/ci/engine/match/710307.html,5 Mar 2014,ODI
https://stats.espncricinfo.com/ci/engine/match/667723.html,27 Aug 2014,ODI
https://stats.espncricinfo.com/ci/engine/match/667725.html,30 Aug 2014,ODI
https://stats.espncricinfo.com/ci/engine/match/667727.html,2 Sep 2014,ODI
https://stats.espncricinfo.com/ci/engine/match/667729.html,5 Sep 2014,ODI
https://stats.espncricinfo.com/ci/engine/match/770121.html,8 Oct 2014,ODI
https://stats.espncricinfo.com/ci/engine/match/770123.html,11 Oct 2014,ODI
https://stats.espncricinfo.com/ci/engine/match/770127.html,17 Oct 2014,ODI
https://stats.espncricinfo.com/ci/engine/match/792289.html,2 Nov 2014,ODI
https://stats.espncricinfo.com/ci/engine/match/792291.html,6 Nov 2014,ODI
https://stats.espncricinfo.com/ci/engine/match/792293.html,9 Nov 2014,ODI
https://stats.espncricinfo.com/ci/engine/match/792295.html,13 Nov 2014,ODI
https://stats.espncricinfo.com/ci/engine/match/792297.html,16 Nov 2014,ODI
https://stats.espncricinfo.com/ci/engine/match/754749.html,18 Jan 2015,ODI
https://stats.espncricinfo.com/ci/engine/match/754753.html,20 Jan 2015,ODI
https://stats.espncricinfo.com/ci/engine/match/754757.html,26 Jan 2015,ODI
https://stats.espncricinfo.com/ci/engine/match/754759.html,30 Jan 2015,ODI
https://stats.espncricinfo.com/ci/engine/match/656405.html,15 Feb 2015,ODI
https://stats.espncricinfo.com/ci/engine/match/656423.html,22 Feb 2015,ODI
https://stats.espncricinfo.com/ci/engine/match/656439.html,28 Feb 2015,ODI
https://stats.espncricinfo.com/ci/engine/match/656453.html,6 Mar 2015,ODI
https://stats.espncricinfo.com/ci/engine/match/656465.html,10 Mar 2015,ODI
https://stats.espncricinfo.com/ci/engine/match/656475.html,14 Mar 2015,ODI
https://stats.espncricinfo.com/ci/engine/match/656485.html,19 Mar 2015,ODI
https://stats.espncricinfo.com/ci/engine/match/656493.html,26 Mar 2015,ODI
https://stats.espncricinfo.com/ci/engine/match/870731.html,18 Jun 2015,ODI
https://stats.espncricinfo.com/ci/engine/match/870733.html,21 Jun 2015,ODI
https://stats.espncricinfo.com/ci/engine/match/870735.html,24 Jun 2015,ODI
https://stats.espncricinfo.com/ci/engine/match/903593.html,11 Oct 2015,ODI
https://stats.espncricinfo.com/ci/engine/match/903595.html,14 Oct 2015,ODI
https://stats.espncricinfo.com/ci/engine/match/903597.html,18 Oct 2015,ODI
https://stats.espncricinfo.com/ci/engine/match/903599.html,22 Oct 2015,ODI
https://stats.espncricinfo.com/ci/engine/match/903601.html,25 Oct 2015,ODI
https://stats.espncricinfo.com/ci/engine/match/895807.html,12 Jan 2016,ODI
https://stats.espncricinfo.com/ci/engine/match/895809.html,15 Jan 2016,ODI
https://stats.espncricinfo.com/ci/engine/match/895811.html,17 Jan 2016,ODI
https://stats.espncricinfo.com/ci/engine/match/895813.html,20 Jan 2016,ODI
https://stats.espncricinfo.com/ci/engine/match/895815.html,23 Jan 2016,ODI
https://stats.espncricinfo.com/ci/engine/match/1030219.html,16 Oct 2016,ODI
https://stats.espncricinfo.com/ci/engine/match/1030221.html,20 Oct 2016,ODI
https://stats.espncricinfo.com/ci/engine/match/1030223.html,23 Oct 2016,ODI
https://stats.espncricinfo.com/ci/engine/match/1030225.html,26 Oct 2016,ODI
https://stats.espncricinfo.com/ci/engine/match/1030227.html,29 Oct 2016,ODI
https://stats.espncricinfo.com/ci/engine/match/1034819.html,15 Jan 2017,ODI
https://stats.espncricinfo.com/ci/engine/match/1034821.html,19 Jan 2017,ODI
https://stats.espncricinfo.com/ci/engine/match/1034823.html,22 Jan 2017,ODI
https://stats.espncricinfo.com/ci/engine/match/1022353.html,4 Jun 2017,ODI
https://stats.espncricinfo.com/ci/engine/match/1022361.html,8 Jun 2017,ODI
https://stats.espncricinfo.com/ci/engine/match/1022367.html,11 Jun 2017,ODI
https://stats.espncricinfo.com/ci/engine/match/1022373.html,15 Jun 2017,ODI
https://stats.espncricinfo.com/ci/engine/match/1022375.html,18 Jun 2017,ODI
https://stats.espncricinfo.com/ci/engine/match/1098206.html,23 Jun 2017,ODI
https://stats.espncricinfo.com/ci/engine/match/1098207.html,25 Jun 2017,ODI
https://stats.espncricinfo.com/ci/engine/match/1098208.html,30 Jun 2017,ODI
https://stats.espncricinfo.com/ci/engine/match/1098209.html,2 Jul 2017,ODI
https://stats.espncricinfo.com/ci/engine/match/1098210.html,6 Jul 2017,ODI
https://stats.espncricinfo.com/ci/engine/match/1109605.html,20 Aug 2017,ODI
https://stats.espncricinfo.com/ci/engine/match/1109606.html,24 Aug 2017,ODI
https://stats.espncricinfo.com/ci/engine/match/1109607.html,27 Aug 2017,ODI
https://stats.espncricinfo.com/ci/engine/match/1109608.html,31 Aug 2017,ODI
https://stats.espncricinfo.com/ci/engine/match/1109609.html,3 Sep 2017,ODI
https://stats.espncricinfo.com/ci/engine/match/1119496.html,17 Sep 2017,ODI
https://stats.espncricinfo.com/ci/engine/match/1119497.html,21 Sep 2017,ODI
https://stats.espncricinfo.com/ci/engine/match/1119498.html,24 Sep 2017,ODI
https://stats.espncricinfo.com/ci/engine/match/1119499.html,28 Sep 2017,ODI
https://stats.espncricinfo.com/ci/engine/match/1119500.html,1 Oct 2017,ODI
https://stats.espncricinfo.com/ci/engine/match/1120090.html,22 Oct 2017,ODI
https://stats.espncricinfo.com/ci/engine/match/1120091.html,25 Oct 2017,ODI
https://stats.espncricinfo.com/ci/engine/match/1120092.html,29 Oct 2017,ODI
https://stats.espncricinfo.com/ci/engine/match/1122279.html,1 Feb 2018,ODI
https://stats.espncricinfo.com/ci/engine/match/1122280.html,4 Feb 2018,ODI
https://stats.espncricinfo.com/ci/engine/match/1122281.html,7 Feb 2018,ODI
https://stats.espncricinfo.com/ci/engine/match/1122282.html,10 Feb 2018,ODI
https://stats.espncricinfo.com/ci/engine/match/1122283.html,13 Feb 2018,ODI
https://stats.espncricinfo.com/ci/engine/match/1122284.html,16 Feb 2018,ODI
https://stats.espncricinfo.com/ci/engine/match/1119546.html,12 Jul 2018,ODI
https://stats.espncricinfo.com/ci/engine/match/1119547.html,14 Jul 2018,ODI
https://stats.espncricinfo.com/ci/engine/match/1119548.html,17 Jul 2018,ODI
https://stats.espncricinfo.com/ci/engine/match/1157754.html,21 Oct 2018,ODI
https://stats.espncricinfo.com/ci/engine/match/1157755.html,24 Oct 2018,ODI
https://stats.espncricinfo.com/ci/engine/match/1157756.html,27 Oct 2018,ODI
https://stats.espncricinfo.com/ci/engine/match/1157757.html,29 Oct 2018,ODI
https://stats.espncricinfo.com/ci/engine/match/1157758.html,1 Nov 2018,ODI
https://stats.espncricinfo.com/ci/engine/match/1144997.html,12 Jan 2019,ODI
https://stats.espncricinfo.com/ci/engine/match/1144998.html,15 Jan 2019,ODI
https://stats.espncricinfo.com/ci/engine/match/1144999.html,18 Jan 2019,ODI
https://stats.espncricinfo.com/ci/engine/match/1153691.html,23 Jan 2019,ODI
https://stats.espncricinfo.com/ci/engine/match/1153692.html,26 Jan 2019,ODI
https://stats.espncricinfo.com/ci/engine/match/1153693.html,28 Jan 2019,ODI
https://stats.espncricinfo.com/ci/engine/match/1168242.html,2 Mar 2019,ODI
https://stats.espncricinfo.com/ci/engine/match/1168243.html,5 Mar 2019,ODI
https://stats.espncricinfo.com/ci/engine/match/1168244.html,8 Mar 2019,ODI
https://stats.espncricinfo.com/ci/engine/match/1168245.html,10 Mar 2019,ODI
https://stats.espncricinfo.com/ci/engine/match/1168246.html,13 Mar 2019,ODI
https://stats.espncricinfo.com/ci/engine/match/1144490.html,5 Jun 2019,ODI
https://stats.espncricinfo.com/ci/engine/match/1144496.html,9 Jun 2019,ODI
https://stats.espncricinfo.com/ci/engine/match/1144504.html,16 Jun 2019,ODI
https://stats.espncricinfo.com/ci/engine/match/1144510.html,22 Jun 2019,ODI
https://stats.espncricinfo.com/ci/engine/match/1144516.html,27 Jun 2019,ODI
https://stats.espncricinfo.com/ci/engine/match/1144520.html,30 Jun 2019,ODI
https://stats.espncricinfo.com/ci/engine/match/1144522.html,2 Jul 2019,ODI
https://stats.espncricinfo.com/ci/engine/match/1144526.html,6 Jul 2019,ODI
https://stats.espncricinfo.com/ci/engine/match/1144528.html,9 Jul 2019,ODI
https://stats.espncricinfo.com/ci/engine/match/1188624.html,8 Aug 2019,ODI
https://stats.espncricinfo.com/ci/engine/match/1188625.html,11 Aug 2019,ODI
https://stats.espncricinfo.com/ci/engine/match/1188626.html,14 Aug 2019,ODI
https://stats.espncricinfo.com/ci/engine/match/1187021.html,15 Dec 2019,ODI
https://stats.espncricinfo.com/ci/engine/match/1187022.html,18 Dec 2019,ODI
https://stats.espncricinfo.com/ci/engine/match/1187023.html,22 Dec 2019,ODI
https://stats.espncricinfo.com/ci/engine/match/1187027.html,14 Jan 2020,ODI
https://stats.espncricinfo.com/ci/engine/match/1187028.html,17 Jan 2020,ODI
https://stats.espncricinfo.com/ci/engine/match/1187029.html,19 Jan 2020,ODI
https://stats.espncricinfo.com/ci/engine/match/1187682.html,5 Feb 2020,ODI
https://stats.espncricinfo.com/ci/engine/match/1187683.html,8 Feb 2020,ODI
https://stats.espncricinfo.com/ci/engine/match/1187684.html,11 Feb 2020,ODI
https://stats.espncricinfo.com/ci/engine/match/1223955.html,27 Nov 2020,ODI
https://stats.espncricinfo.com/ci/engine/match/1223956.html,29 Nov 2020,ODI
https://stats.espncricinfo.com/ci/engine/match/1223957.html,2 Dec 2020,ODI
https://stats.espncricinfo.com/ci/engine/match/1243393.html,23 Mar 2021,ODI
https://stats.espncricinfo.com/ci/engine/match/1243394.html,26 Mar 2021,ODI
https://stats.espncricinfo.com/ci/engine/match/1243395.html,28 Mar 2021,ODI
https://stats.espncricinfo.com/ci/engine/match/1277082.html,19 Jan 2022,ODI
https://stats.espncricinfo.com/ci/engine/match/1277083.html,21 Jan 2022,ODI
https://stats.espncricinfo.com/ci/engine/match/1277084.html,23 Jan 2022,ODI
https://stats.espncricinfo.com/ci/engine/match/1278676.html,6 Feb 2022,ODI
https://stats.espncricinfo.com/ci/engine/match/1278677.html,9 Feb 2022,ODI
https://stats.espncricinfo.com/ci/engine/match/1278678.html,11 Feb 2022,ODI
https://stats.espncricinfo.com/ci/engine/match/1276908.html,14 Jul 2022,ODI
https://stats.espncricinfo.com/ci/engine/match/1276909.html,17 Jul 2022,ODI
https://stats.espncricinfo.com/ci/engine/match/1340845.html,4 Dec 2022,ODI
https://stats.espncricinfo.com/ci/engine/match/1340846.html,7 Dec 2022,ODI
https://stats.espncricinfo.com/ci/engine/match/1340847.html,10 Dec 2022,ODI
https://stats.espncricinfo.com/ci/engine/match/1348643.html,10 Jan 2023,ODI
https://stats.espncricinfo.com/ci/engine/match/1348644.html,12 Jan 2023,ODI
https://stats.espncricinfo.com/ci/engine/match/1348645.html,15 Jan 2023,ODI
https://stats.espncricinfo.com/ci/engine/match/1348646.html,18 Jan 2023,ODI
https://stats.espncricinfo.com/ci/engine/match/1348647.html,21 Jan 2023,ODI
https://stats.espncricinfo.com/ci/engine/match/1348648.html,24 Jan 2023,ODI
https://stats.espncricinfo.com/ci/engine/match/1348656.html,17 Mar 2023,ODI
https://stats.espncricinfo.com/ci/engine/match/1348657.html,19 Mar 2023,ODI
https://stats.espncricinfo.com/ci/engine/match/1348658.html,22 Mar 2023,ODI
https://stats.espncricinfo.com/ci/engine/match/1381214.html,27 Jul 2023,ODI
https://stats.espncricinfo.com/ci/engine/match/1388394.html,2 Sep 2023,ODI
https://stats.espncricinfo.com/ci/engine/match/1388398.html,4 Sep 2023,ODI
https://stats.espncricinfo.com/ci/engine/match/1388406.html,10 Sep 2023,ODI
https://stats.espncricinfo.com/ci/engine/match/1388407.html,12 Sep 2023,ODI
https://stats.espncricinfo.com/ci/engine/match/1388414.html,17 Sep 2023,ODI
https://stats.espncricinfo.com/ci/engine/match/1389390.html,27 Sep 2023,ODI
https://stats.espncricinfo.com/ci/engine/match/1384396.html,8 Oct 2023,ODI
https://stats.espncricinfo.com/ci/engine/match/1384400.html,11 Oct 2023,ODI
https://stats.espncricinfo.com/ci/engine/match/1384403.html,14 Oct 2023,ODI
https://stats.espncricinfo.com/ci/engine/match/1384408.html,19 Oct 2023,ODI
https://stats.espncricinfo.com/ci/engine/match/1384412.html,22 Oct 2023,ODI
https://stats.espncricinfo.com/ci/engine/match/1384420.html,29 Oct 2023,ODI
https://stats.espncricinfo.com/ci/engine/match/1384424.html,2 Nov 2023,ODI
https://stats.espncricinfo.com/ci/engine/match/1384428.html,5 Nov 2023,ODI
https://stats.espncricinfo.com/ci/engine/match/1384436.html,12 Nov 2023,ODI
https://stats.espncricinfo.com/ci/engine/match/1384437.html,15 Nov 2023,ODI
https://stats.espncricinfo.com/ci/engine/match/1384439.html,19 Nov 2023,ODI
https://stats.espncricinfo.com/ci/engine/match/1442990.html,2 Aug 2024,ODI
https://stats.espncricinfo.com/ci/engine/match/1442991.html,4 Aug 2024,ODI
https://stats.espncricinfo.com/ci/engine/match/1442992.html,7 Aug 2024,ODI
https://stats.espncricinfo.com/ci/engine/match/489226.html,20 Jun 2011,Test
https://stats.espncricinfo.com/ci/engine/match/489227.html,28 Jun 2011,Test
https://stats.espncricinfo.com/ci/engine/match/489228.html,6 Jul 2011,Test
https://stats.espncricinfo.com/ci/engine/match/535999.html,22 Nov 2011,Test
https://stats.espncricinfo.com/ci/engine/match/518950.html,26 Dec 2011,Test
https://stats.espncricinfo.com/ci/engine/match/518951.html,3 Jan 2012,Test
https://stats.espncricinfo.com/ci/engine/match/518952.html,13 Jan 2012,Test
https://stats.espncricinfo.com/ci/engine/match/518953.html,24 Jan 2012,Test
https://stats.espncricinfo.com/ci/engine/match/565817.html,23 Aug 2012,Test
https://stats.espncricinfo.com/ci/engine/match/565818.html,31 Aug 2012,Test
https://stats.espncricinfo.com/ci/engine/match/565806.html,15 Nov 2012,Test
https://stats.espncricinfo.com/ci/engine/match/565807.html,23 Nov 2012,Test
https://stats.espncricinfo.com/ci/engine/match/565808.html,5 Dec 2012,Test
https://stats.espncricinfo.com/ci/engine/match/565809.html,13 Dec 2012,Test
https://stats.espncricinfo.com/ci/engine/match/598812.html,22 Feb 2013,Test
https://stats.espncricinfo.com/ci/engine/match/598813.html,2 Mar 2013,Test
https://stats.espncricinfo.com/ci/engine/match/598814.html,14 Mar 2013,Test
https://stats.espncricinfo.com/ci/engine/match/598815.html,22 Mar 2013,Test
https://stats.espncricinfo.com/ci/engine/match/676525.html,6 Nov 2013,Test
https://stats.espncricinfo.com/ci/engine/match/676527.html,14 Nov 2013,Test
https://stats.espncricinfo.com/ci/engine/match/648665.html,18 Dec 2013,Test
https://stats.espncricinfo.com/ci/engine/match/648667.html,26 Dec 2013,Test
https://stats.espncricinfo.com/ci/engine/match/667651.html,6 Feb 2014,Test
https://stats.espncricinfo.com/ci/engine/match/667653.html,14 Feb 2014,Test
https://stats.espncricinfo.com/ci/engine/match/667711.html,9 Jul 2014,Test
https://stats.espncricinfo.com/ci/engine/match/667713.html,17 Jul 2014,Test
https://stats.espncricinfo.com/ci/engine/match/667715.html,27 Jul 2014,Test
https://stats.espncricinfo.com/ci/engine/match/667717.html,7 Aug 2014,Test
https://stats.espncricinfo.com/ci/engine/match/667719.html,15 Aug 2014,Test
https://stats.espncricinfo.com/ci/engine/match/754737.html,9 Dec 2014,Test
https://stats.espncricinfo.com/ci/engine/match/754739.html,17 Dec 2014,Test
https://stats.espncricinfo.com/ci/engine/match/754741.html,26 Dec 2014,Test
https://stats.espncricinfo.com/ci/engine/match/754743.html,6 Jan 2015,Test
https://stats.espncricinfo.com/ci/engine/match/870729.html,10 Jun 2015,Test
https://stats.espncricinfo.com/ci/engine/match/895773.html,12 Aug 2015,Test
https://stats.espncricinfo.com/ci/engine/match/895775.html,20 Aug 2015,Test
https://stats.espncricinfo.com/ci/engine/match/895777.html,28 Aug 2015,Test
https://stats.espncricinfo.com/ci/engine/match/903603.html,5 Nov 2015,Test
https://stats.espncricinfo.com/ci/engine/match/903605.html,14 Nov 2015,Test
https://stats.espncricinfo.com/ci/engine/match/903607.html,25 Nov 2015,Test
https://stats.espncricinfo.com/ci/engine/match/903609.html,3 Dec 2015,Test
https://stats.espncricinfo.com/ci/engine/match/1022593.html,21 Jul 2016,Test
https://stats.espncricinfo.com/ci/engine/match/1022595.html,30 Jul 2016,Test
https://stats.espncricinfo.com/ci/engine/match/1022597.html,9 Aug 2016,Test
https://stats.espncricinfo.com/ci/engine/match/1022599.html,18 Aug 2016,Test
https://stats.espncricinfo.com/ci/engine/match/1030213.html,22 Sep 2016,Test
https://stats.espncricinfo.com/ci/engine/match/1030215.html,30 Sep 2016,Test
https://stats.espncricinfo.com/ci/engine/match/1030217.html,8 Oct 2016,Test
https://stats.espncricinfo.com/ci/engine/match/1034809.html,9 Nov 2016,Test
https://stats.espncricinfo.com/ci/engine/match/1034811.html,17 Nov 2016,Test
https://stats.espncricinfo.com/ci/engine/match/1034813.html,26 Nov 2016,Test
https://stats.espncricinfo.com/ci/engine/match/1034815.html,8 Dec 2016,Test
https://stats.espncricinfo.com/ci/engine/match/1034817.html,16 Dec 2016,Test
https://stats.espncricinfo.com/ci/engine/match/1041761.html,9 Feb 2017,Test
https://stats.espncricinfo.com/ci/engine/match/1062573.html,23 Feb 2017,Test
https://stats.espncricinfo.com/ci/engine/match/1062574.html,4 Mar 2017,Test
https://stats.espncricinfo.com/ci/engine/match/1062575.html,16 Mar 2017,Test
https://stats.espncricinfo.com/ci/engine/match/1109602.html,26 Jul 2017,Test
https://stats.espncricinfo.com/ci/engine/match/1109603.html,3 Aug 2017,Test
https://stats.espncricinfo.com/ci/engine/match/1109604.html,12 Aug 2017,Test
https://stats.espncricinfo.com/ci/engine/match/1122723.html,16 Nov 2017,Test
https://stats.espncricinfo.com/ci/engine/match/1122724.html,24 Nov 2017,Test
https://stats.espncricinfo.com/ci/engine/match/1122725.html,2 Dec 2017,Test
https://stats.espncricinfo.com/ci/engine/match/1122276.html,5 Jan 2018,Test
https://stats.espncricinfo.com/ci/engine/match/1122277.html,13 Jan 2018,Test
https://stats.espncricinfo.com/ci/engine/match/1122278.html,24 Jan 2018,Test
https://stats.espncricinfo.com/ci/engine/match/1119549.html,1 Aug 2018,Test
https://stats.espncricinfo.com/ci/engine/match/1119550.html,9 Aug 2018,Test
https://stats.espncricinfo.com/ci/engine/match/1119551.html,18 Aug 2018,Test
https://stats.espncricinfo.com/ci/engine/match/1119552.html,30 Aug 2018,Test
https://stats.espncricinfo.com/ci/engine/match/1119553.html,7 Sep 2018,Test
https://stats.espncricinfo.com/ci/engine/match/1157752.html,4 Oct 2018,Test
https://stats.espncricinfo.com/ci/engine/match/1157753.html,12 Oct 2018,Test
https://stats.espncricinfo.com/ci/engine/match/1144993.html,6 Dec 2018,Test
https://stats.espncricinfo.com/ci/engine/match/1144994.html,14 Dec 2018,Test
https://stats.espncricinfo.com/ci/engine/match/1144995.html,26 Dec 2018,Test
https://stats.espncricinfo.com/ci/engine/match/1144996.html,3 Jan 2019,Test
https://stats.espncricinfo.com/ci/engine/match/1188628.html,22 Aug 2019,Test
https://stats.espncricinfo.com/ci/engine/match/1188629.html,30 Aug 2019,Test
https://stats.espncricinfo.com/ci/engine/match/1187007.html,2 Oct 2019,Test
https://stats.espncricinfo.com/ci/engine/match/1187008.html,10 Oct 2019,Test
https://stats.espncricinfo.com/ci/engine/match/1187009.html,19 Oct 2019,Test
https://stats.espncricinfo.com/ci/engine/match/1187016.html,14 Nov 2019,Test
https://stats.espncricinfo.com/ci/engine/match/1187017.html,22 Nov 2019,Test
https://stats.espncricinfo.com/ci/engine/match/1187685.html,21 Feb 2020,Test
https://stats.espncricinfo.com/ci/engine/match/1187686.html,29 Feb 2020,Test
https://stats.espncricinfo.com/ci/engine/match/1223869.html,17 Dec 2020,Test
https://stats.espncricinfo.com/ci/engine/match/1243384.html,5 Feb 2021,Test
https://stats.espncricinfo.com/ci/engine/match/1243385.html,13 Feb 2021,Test
https://stats.espncricinfo.com/ci/engine/match/1243386.html,24 Feb 2021,Test
https://stats.espncricinfo.com/ci/engine/match/1243387.html,4 Mar 2021,Test
https://stats.espncricinfo.com/ci/engine/match/1249875.html,18 Jun 2021,Test
https://stats.espncricinfo.com/ci/engine/match/1239543.html,4 Aug 2021,Test
https://stats.espncricinfo.com/ci/engine/match/1239544.html,12 Aug 2021,Test
https://stats.espncricinfo.com/ci/engine/match/1239545.html,25 Aug 2021,Test
https://stats.espncricinfo.com/ci/engine/match/1239546.html,2 Sep 2021,Test
https://stats.espncricinfo.com/ci/engine/match/1278675.html,3 Dec 2021,Test
https://stats.espncricinfo.com/ci/engine/match/1277079.html,26 Dec 2021,Test
https://stats.espncricinfo.com/ci/engine/match/1277081.html,11 Jan 2022,Test
https://stats.espncricinfo.com/ci/engine/match/1278682.html,4 Mar 2022,Test
https://stats.espncricinfo.com/ci/engine/match/1278683.html,12 Mar 2022,Test
https://stats.espncricinfo.com/ci/engine/match/1320741.html,1 Jul 2022,Test
https://stats.espncricinfo.com/ci/engine/match/1340848.html,14 Dec 2022,Test
https://stats.espncricinfo.com/ci/engine/match/1340849.html,22 Dec 2022,Test
https://stats.espncricinfo.com/ci/engine/match/1348652.html,9 Feb 2023,Test
https://stats.espncricinfo.com/ci/engine/match/1348653.html,17 Feb 2023,Test
https://stats.espncricinfo.com/ci/engine/match/1348654.html,1 Mar 2023,Test
https://stats.espncricinfo.com/ci/engine/match/1348655.html,9 Mar 2023,Test
https://stats.espncricinfo.com/ci/engine/match/1358412.html,7 Jun 2023,Test
https://stats.espncricinfo.com/ci/engine/match/1381212.html,12 Jul 2023,Test
https://stats.espncricinfo.com/ci/engine/match/1381213.html,20 Jul 2023,Test
https://stats.espncricinfo.com/ci/engine/match/1387603.html,26 Dec 2023,Test
https://stats.espncricinfo.com/ci/engine/match/1387604.html,3 Jan 2024,Test
https://stats.espncricinfo.com/ci/engine/match/1439891.html,19 Sep 2024,Test
https://stats.espncricinfo.com/ci/engine/match/1439892.html,27 Sep 2024,Test
https://stats.espncricinfo.com/ci/engine/match/1439896.html,16 Oct 2024,Test
https://stats.espncricinfo.com/ci/engine/match/1439897.html,24 Oct 2024,Test
https://stats.espncricinfo.com/ci/engine/match/1439898.html,1 Nov 2024,Test
https://stats.espncricinfo.com/ci/engine/match/1426555.html,22 Nov 2024,Test
https://stats.espncricinfo.com/ci/engine/match/1426556.html,6 Dec 2024,Test
https://stats.espncricinfo.com/ci/engine/match/1426557.html,14 Dec 2024,Test
https://stats.espncricinfo.com/ci/engine/match/1426558.html,26 Dec 2024,Test
https://stats.espncricinfo.com/ci/engine/match/1426559.html,3 Jan 2025,Test
https://stats.espncricinfo.com/ci/engine/match/452153.html,12 Jun 2010,T20
https://stats.espncricinfo.com/ci/engine/match/452154.html,13 Jun 2010,T20
https://stats.espncricinfo.com/ci/engine/match/463149.html,9 Jan 2011,T20
https://stats.espncricinfo.com/ci/engine/match/489220.html,4 Jun 2011,T20
https://stats.espncricinfo.com/ci/engine/match/474476.html,31 Aug 2011,T20
https://stats.espncricinfo.com/ci/engine/match/521217.html,29 Oct 2011,T20
https://stats.espncricinfo.com/ci/engine/match/518954.html,1 Feb 2012,T20
https://stats.espncricinfo.com/ci/engine/match/518955.html,3 Feb 2012,T20
https://stats.espncricinfo.com/ci/engine/match/556252.html,30 Mar 2012,T20
https://stats.espncricinfo.com/ci/engine/match/564786.html,7 Aug 2012,T20
https://stats.espncricinfo.com/ci/engine/match/565820.html,11 Sep 2012,T20
https://stats.espncricinfo.com/ci/engine/match/533274.html,19 Sep 2012,T20
https://stats.espncricinfo.com/ci/engine/match/533281.html,23 Sep 2012,T20
https://stats.espncricinfo.com/ci/engine/match/533287.html,28 Sep 2012,T20
https://stats.espncricinfo.com/ci/engine/match/533291.html,30 Sep 2012,T20
https://stats.espncricinfo.com/ci/engine/match/533295.html,2 Oct 2012,T20
https://stats.espncricinfo.com/ci/engine/match/565810.html,20 Dec 2012,T20
https://stats.espncricinfo.com/ci/engine/match/565811.html,22 Dec 2012,T20
https://stats.espncricinfo.com/ci/engine/match/589306.html,25 Dec 2012,T20
https://stats.espncricinfo.com/ci/engine/match/589307.html,28 Dec 2012,T20
https://stats.espncricinfo.com/ci/engine/match/647247.html,10 Oct 2013,T20
https://stats.espncricinfo.com/ci/engine/match/682921.html,21 Mar 2014,T20
https://stats.espncricinfo.com/ci/engine/match/682929.html,23 Mar 2014,T20
https://stats.espncricinfo.com/ci/engine/match/682943.html,28 Mar 2014,T20
https://stats.espncricinfo.com/ci/engine/match/682951.html,30 Mar 2014,T20
https://stats.espncricinfo.com/ci/engine/match/682963.html,4 Apr 2014,T20
https://stats.espncricinfo.com/ci/engine/match/682965.html,6 Apr 2014,T20
https://stats.espncricinfo.com/ci/engine/match/667731.html,7 Sep 2014,T20
https://stats.espncricinfo.com/ci/engine/match/903587.html,2 Oct 2015,T20
https://stats.espncricinfo.com/ci/engine/match/903589.html,5 Oct 2015,T20
https://stats.espncricinfo.com/ci/engine/match/895817.html,26 Jan 2016,T20
https://stats.espncricinfo.com/ci/engine/match/895819.html,29 Jan 2016,T20
https://stats.espncricinfo.com/ci/engine/match/895821.html,31 Jan 2016,T20
https://stats.espncricinfo.com/ci/engine/match/966745.html,24 Feb 2016,T20
https://stats.espncricinfo.com/ci/engine/match/966751.html,27 Feb 2016,T20
https://stats.espncricinfo.com/ci/engine/match/966757.html,1 Mar 2016,T20
https://stats.espncricinfo.com/ci/engine/match/966761.html,3 Mar 2016,T20
https://stats.espncricinfo.com/ci/engine/match/966765.html,6 Mar 2016,T20
https://stats.espncricinfo.com/ci/engine/match/951329.html,15 Mar 2016,T20
https://stats.espncricinfo.com/ci/engine/match/951341.html,19 Mar 2016,T20
https://stats.espncricinfo.com/ci/engine/match/951353.html,23 Mar 2016,T20
https://stats.espncricinfo.com/ci/engine/match/951363.html,27 Mar 2016,T20
https://stats.espncricinfo.com/ci/engine/match/951371.html,31 Mar 2016,T20
https://stats.espncricinfo.com/ci/engine/match/1041615.html,27 Aug 2016,T20
https://stats.espncricinfo.com/ci/engine/match/1041617.html,28 Aug 2016,T20
https://stats.espncricinfo.com/ci/engine/match/1034825.html,26 Jan 2017,T20
https://stats.espncricinfo.com/ci/engine/match/1034827.html,29 Jan 2017,T20
https://stats.espncricinfo.com/ci/engine/match/1034829.html,1 Feb 2017,T20
https://stats.espncricinfo.com/ci/engine/match/1098211.html,9 Jul 2017,T20
https://stats.espncricinfo.com/ci/engine/match/1109610.html,6 Sep 2017,T20
https://stats.espncricinfo.com/ci/engine/match/1119501.html,7 Oct 2017,T20
https://stats.espncricinfo.com/ci/engine/match/1119502.html,10 Oct 2017,T20
https://stats.espncricinfo.com/ci/engine/match/1120093.html,1 Nov 2017,T20
https://stats.espncricinfo.com/ci/engine/match/1120094.html,4 Nov 2017,T20
https://stats.espncricinfo.com/ci/engine/match/1120095.html,7 Nov 2017,T20
https://stats.espncricinfo.com/ci/engine/match/1122285.html,18 Feb 2018,T20
https://stats.espncricinfo.com/ci/engine/match/1122286.html,21 Feb 2018,T20
https://stats.espncricinfo.com/ci/engine/match/1140992.html,27 Jun 2018,T20
https://stats.espncricinfo.com/ci/engine/match/1140993.html,29 Jun 2018,T20
https://stats.espncricinfo.com/ci/engine/match/1119543.html,3 Jul 2018,T20
https://stats.espncricinfo.com/ci/engine/match/1119544.html,6 Jul 2018,T20
https://stats.espncricinfo.com/ci/engine/match/1119545.html,8 Jul 2018,T20
https://stats.espncricinfo.com/ci/engine/match/1144990.html,21 Nov 2018,T20
https://stats.espncricinfo.com/ci/engine/match/1144991.html,23 Nov 2018,T20
https://stats.espncricinfo.com/ci/engine/match/1144992.html,25 Nov 2018,T20
https://stats.espncricinfo.com/ci/engine/match/1168247.html,24 Feb 2019,T20
https://stats.espncricinfo.com/ci/engine/match/1168248.html,27 Feb 2019,T20
https://stats.espncricinfo.com/ci/engine/match/1188621.html,3 Aug 2019,T20
https://stats.espncricinfo.com/ci/engine/match/1188622.html,4 Aug 2019,T20
https://stats.espncricinfo.com/ci/engine/match/1188623.html,6 Aug 2019,T20
https://stats.espncricinfo.com/ci/engine/match/1187005.html,18 Sep 2019,T20
https://stats.espncricinfo.com/ci/engine/match/1187006.html,22 Sep 2019,T20
https://stats.espncricinfo.com/ci/engine/match/1187018.html,6 Dec 2019,T20
https://stats.espncricinfo.com/ci/engine/match/1187019.html,8 Dec 2019,T20
https://stats.espncricinfo.com/ci/engine/match/1187020.html,11 Dec 2019,T20
https://stats.espncricinfo.com/ci/engine/match/1202242.html,5 Jan 2020,T20
https://stats.espncricinfo.com/ci/engine/match/1202243.html,7 Jan 2020,T20
https://stats.espncricinfo.com/ci/engine/match/1202244.html,10 Jan 2020,T20
https://stats.espncricinfo.com/ci/engine/match/1187677.html,24 Jan 2020,T20
https://stats.espncricinfo.com/ci/engine/match/1187678.html,26 Jan 2020,T20
https://stats.espncricinfo.com/ci/engine/match/1187679.html,29 Jan 2020,T20
https://stats.espncricinfo.com/ci/engine/match/1187680.html,31 Jan 2020,T20
https://stats.espncricinfo.com/ci/engine/match/1223952.html,4 Dec 2020,T20
https://stats.espncricinfo.com/ci/engine/match/1223953.html,6 Dec 2020,T20
https://stats.espncricinfo.com/ci/engine/match/1223954.html,8 Dec 2020,T20
https://stats.espncricinfo.com/ci/engine/match/1243388.html,12 Mar 2021,T20
https://stats.espncricinfo.com/ci/engine/match/1243389.html,14 Mar 2021,T20
https://stats.espncricinfo.com/ci/engine/match/1243390.html,16 Mar 2021,T20
https://stats.espncricinfo.com/ci/engine/match/1243391.html,18 Mar 2021,T20
https://stats.espncricinfo.com/ci/engine/match/1243392.html,20 Mar 2021,T20
https://stats.espncricinfo.com/ci/engine/match/1273727.html,24 Oct 2021,T20
https://stats.espncricinfo.com/ci/engine/match/1273739.html,31 Oct 2021,T20
https://stats.espncricinfo.com/ci/engine/match/1273744.html,3 Nov 2021,T20
https://stats.espncricinfo.com/ci/engine/match/1273748.html,5 Nov 2021,T20
https://stats.espncricinfo.com/ci/engine/match/1273753.html,8 Nov 2021,T20
https://stats.espncricinfo.com/ci/engine/match/1278679.html,16 Feb 2022,T20
https://stats.espncricinfo.com/ci/engine/match/1278680.html,18 Feb 2022,T20
https://stats.espncricinfo.com/ci/engine/match/1276905.html,9 Jul 2022,T20
https://stats.espncricinfo.com/ci/engine/match/1276906.html,10 Jul 2022,T20
https://stats.espncricinfo.com/ci/engine/match/1327270.html,28 Aug 2022,T20
https://stats.espncricinfo.com/ci/engine/match/1327272.html,31 Aug 2022,T20
https://stats.espncricinfo.com/ci/engine/match/1327276.html,4 Sep 2022,T20
https://stats.espncricinfo.com/ci/engine/match/1327277.html,6 Sep 2022,T20
https://stats.espncricinfo.com/ci/engine/match/1327279.html,8 Sep 2022,T20
https://stats.espncricinfo.com/ci/engine/match/1327503.html,20 Sep 2022,T20
https://stats.espncricinfo.com/ci/engine/match/1327504.html,23 Sep 2022,T20
https://stats.espncricinfo.com/ci/engine/match/1327505.html,25 Sep 2022,T20
https://stats.espncricinfo.com/ci/engine/match/1327506.html,28 Sep 2022,T20
https://stats.espncricinfo.com/ci/engine/match/1327507.html,2 Oct 2022,T20
https://stats.espncricinfo.com/ci/engine/match/1298150.html,23 Oct 2022,T20
https://stats.espncricinfo.com/ci/engine/match/1298157.html,27 Oct 2022,T20
https://stats.espncricinfo.com/ci/engine/match/1298164.html,30 Oct 2022,T20
https://stats.espncricinfo.com/ci/engine/match/1298169.html,2 Nov 2022,T20
https://stats.espncricinfo.com/ci/engine/match/1298176.html,6 Nov 2022,T20
https://stats.espncricinfo.com/ci/engine/match/1298178.html,10 Nov 2022,T20
https://stats.espncricinfo.com/ci/engine/match/1389397.html,14 Jan 2024,T20
https://stats.espncricinfo.com/ci/engine/match/1389398.html,17 Jan 2024,T20
https://stats.espncricinfo.com/ci/engine/match/1415708.html,5 Jun 2024,T20
https://stats.espncricinfo.com/ci/engine/match/1415719.html,9 Jun 2024,T20
https://stats.espncricinfo.com/ci/engine/match/1415725.html,12 Jun 2024,T20
https://stats.espncricinfo.com/ci/engine/match/1415743.html,20 Jun 2024,T20
https://stats.espncricinfo.com/ci/engine/match/1415747.html,22 Jun 2024,T20
https://stats.espncricinfo.com/ci/engine/match/1415751.html,24 Jun 2024,T20
https://stats.espncricinfo.com/ci/engine/match/1415754.html,27 Jun 2024,T20
https://stats.espncricinfo.com/ci/engine/match/1415755.html,29 Jun 2024,T20
